Source 기업명,Source 모기업명,Source_산업,Target 기업명,Target_모기업,Target_산업,Year,relation_type,dependency_direction,risk_language_score,investment_mentioned,contract_scale_score,no_alternative_mentioned,spillover_type,source_section,source_raw_name,source_canonical_name,source_canonical_firm_id,source_entity_level,source_entity_type,source_parent_canonical_name,source_parent_firm_id,source_mapping_found,target_raw_name,target_canonical_name,target_canonical_firm_id,target_entity_level,target_entity_type,target_parent_canonical_name,target_parent_firm_id,target_mapping_found,source_parent_hint_raw_name,source_parent_hint_canonical_name,source_parent_hint_canonical_firm_id,source_parent_hint_entity_level,source_parent_hint_entity_type,source_parent_hint_parent_canonical_name,source_parent_hint_parent_firm_id,source_parent_hint_mapping_found,target_parent_hint_raw_name,target_parent_hint_canonical_name,target_parent_hint_canonical_firm_id,target_parent_hint_entity_level,target_parent_hint_entity_type,target_parent_hint_parent_canonical_name,target_parent_hint_parent_firm_id,target_parent_hint_mapping_found,risk_source_id,risk_source_name,risk_target_id,risk_target_name,risk_direction_rule,risk_edge_valid,is_reciprocal_expansion,risk_language_score_norm,contract_scale_score_norm,no_alternative_flag,investment_flag,edge_weight_v1,edge_weight
Alibaba Group,Alibaba,E-commerce / Cloud,Ant Group / Alipay,Alibaba,FinTech / Payments,2022,software_vendor,upstream,0.7,Y,0.5,Y,governance,Item1A,Alibaba Group,Alibaba,FIRM_0004,parent,company,,,True,Ant Group / Alipay,Ant Group / Alipay,FIRM_0016,affiliate,fintech,Alibaba,FIRM_0004,True,Alibaba,Alibaba,FIRM_0004,parent,company,,,True,Alibaba,Alibaba,FIRM_0004,parent,company,,,True,FIRM_0016,Ant Group / Alipay,FIRM_0004,Alibaba,target_is_upstream_of_source,True,False,0.7,0.1666666666666666,1.0,1.0,0.5766666666666667,0.5766666666666667
Alibaba Group,Alibaba,E-commerce / Cloud,Lazada,Alibaba,E-commerce,2022,subsidiary,downstream,1.0,Y,0.0,N,security,Item1A,Alibaba Group,Alibaba,FIRM_0004,parent,company,,,True,Lazada,Lazada,FIRM_0081,subsidiary,ecommerce,Alibaba,FIRM_0004,True,Alibaba,Alibaba,FIRM_0004,parent,company,,,True,Alibaba,Alibaba,FIRM_0004,parent,company,,,True,FIRM_0004,Alibaba,FIRM_0081,Lazada,source_is_upstream_of_target,True,False,1.0,0.0,0.0,1.0,0.4,0.4
Alibaba Group,Alibaba,E-commerce / Cloud,Cainiao,Alibaba,Logistics,2022,subsidiary,downstream,0.7,Y,0.0,Y,operational,Item1A,Alibaba Group,Alibaba,FIRM_0004,parent,company,,,True,Cainiao,Cainiao,FIRM_0029,subsidiary,logistics,Alibaba,FIRM_0004,True,Alibaba,Alibaba,FIRM_0004,parent,company,,,True,Alibaba,Alibaba,FIRM_0004,parent,company,,,True,FIRM_0004,Alibaba,FIRM_0029,Cainiao,source_is_upstream_of_target,True,False,0.7,0.0,1.0,1.0,0.51,0.51
Alibaba Group,Alibaba,E-commerce / Cloud,Sun Art,Alibaba,Retail,2022,subsidiary,downstream,0.3,Y,0.0,N,operational,Item7,Alibaba Group,Alibaba,FIRM_0004,parent,company,,,True,Sun Art,Sun Art Retail,FIRM_0159,subsidiary,retail,Alibaba,FIRM_0004,True,Alibaba,Alibaba,FIRM_0004,parent,company,,,True,Alibaba,Alibaba,FIRM_0004,parent,company,,,True,FIRM_0004,Alibaba,FIRM_0159,Sun Art Retail,source_is_upstream_of_target,True,False,0.3,0.0,0.0,1.0,0.19,0.19
Alibaba Group,Alibaba,E-commerce / Cloud,STO Express,STO Express,Logistics,2022,investment_target,upstream,0.0,Y,1.0,N,none,Item7,Alibaba Group,Alibaba,FIRM_0004,parent,company,,,True,STO Express,STO Express,FIRM_0148,parent,logistics,,,True,Alibaba,Alibaba,FIRM_0004,parent,company,,,True,STO Express,STO Express,FIRM_0148,parent,logistics,,,True,FIRM_0148,STO Express,FIRM_0004,Alibaba,target_is_upstream_of_source,True,False,0.0,0.3333333333333333,0.0,1.0,0.2333333333333333,0.2333333333333333
Alibaba Group,Alibaba,E-commerce / Cloud,YTO Express,YTO Express,Logistics,2022,investment_target,upstream,0.0,Y,1.0,N,none,Item7,Alibaba Group,Alibaba,FIRM_0004,parent,company,,,True,YTO Express,YTO Express,FIRM_0175,parent,logistics,,,True,Alibaba,Alibaba,FIRM_0004,parent,company,,,True,YTO Express,YTO Express,FIRM_0175,parent,logistics,,,True,FIRM_0175,YTO Express,FIRM_0004,Alibaba,target_is_upstream_of_source,True,False,0.0,0.3333333333333333,0.0,1.0,0.2333333333333333,0.2333333333333333
Alibaba Group,Alibaba,E-commerce / Cloud,Bilibili,Bilibili,Video Streaming / Media,2022,investment_target,upstream,0.0,Y,1.0,N,none,Item7,Alibaba Group,Alibaba,FIRM_0004,parent,company,,,True,Bilibili,Bilibili,FIRM_0026,parent,media_platform,,,True,Alibaba,Alibaba,FIRM_0004,parent,company,,,True,Bilibili,Bilibili,FIRM_0026,parent,media_platform,,,True,FIRM_0026,Bilibili,FIRM_0004,Alibaba,target_is_upstream_of_source,True,False,0.0,0.3333333333333333,0.0,1.0,0.2333333333333333,0.2333333333333333
Alibaba Group,Alibaba,E-commerce / Cloud,China Broadcasting Network,China Broadcasting Network,Telecom / Media,2022,investment_target,upstream,0.0,Y,1.0,N,none,Item7,Alibaba Group,Alibaba,FIRM_0004,parent,company,,,True,China Broadcasting Network,China Broadcasting Network,FIRM_0033,company,telecommunications,,,True,Alibaba,Alibaba,FIRM_0004,parent,company,,,True,China Broadcasting Network,China Broadcasting Network,FIRM_0033,company,telecommunications,,,True,FIRM_0033,China Broadcasting Network,FIRM_0004,Alibaba,target_is_upstream_of_source,True,False,0.0,0.3333333333333333,0.0,1.0,0.2333333333333333,0.2333333333333333
Alibaba Group,Alibaba,E-commerce / Cloud,Meinian Onehealth,Meinian Onehealth,Healthcare,2022,investment_target,upstream,0.0,Y,1.0,N,none,Item7,Alibaba Group,Alibaba,FIRM_0004,parent,company,,,True,Meinian Onehealth,Meinian Onehealth,FIRM_0094,parent,healthcare,,,True,Alibaba,Alibaba,FIRM_0004,parent,company,,,True,Meinian Onehealth,Meinian Onehealth,FIRM_0094,parent,healthcare,,,True,FIRM_0094,Meinian Onehealth,FIRM_0004,Alibaba,target_is_upstream_of_source,True,False,0.0,0.3333333333333333,0.0,1.0,0.2333333333333333,0.2333333333333333
Alibaba Group,Alibaba,E-commerce / Cloud,VK Company Limited (Mail.ru),VK Company,Internet / Social Media,2022,investment_target,mutual,0.7,Y,1.0,N,operational,Item7,Alibaba Group,Alibaba,FIRM_0004,parent,company,,,True,VK Company Limited (Mail.ru),VK Company,FIRM_0167,parent,internet_media,,,True,Alibaba,Alibaba,FIRM_0004,parent,company,,,True,VK Company,VK Company,FIRM_0167,parent,internet_media,,,True,FIRM_0004,Alibaba,FIRM_0167,VK Company,mutual_source_to_target,True,True,0.7,0.3333333333333333,0.0,1.0,0.4433333333333333,0.4433333333333333
Alibaba Group,Alibaba,E-commerce / Cloud,VK Company Limited (Mail.ru),VK Company,Internet / Social Media,2022,investment_target,mutual,0.7,Y,1.0,N,operational,Item7,Alibaba Group,Alibaba,FIRM_0004,parent,company,,,True,VK Company Limited (Mail.ru),VK Company,FIRM_0167,parent,internet_media,,,True,Alibaba,Alibaba,FIRM_0004,parent,company,,,True,VK Company,VK Company,FIRM_0167,parent,internet_media,,,True,FIRM_0167,VK Company,FIRM_0004,Alibaba,mutual_target_to_source,True,True,0.7,0.3333333333333333,0.0,1.0,0.4433333333333333,0.4433333333333333
Alibaba Group,Alibaba,E-commerce / Cloud,Trendyol,Alibaba,E-commerce,2022,subsidiary,downstream,0.3,Y,0.0,N,performance,Item7,Alibaba Group,Alibaba,FIRM_0004,parent,company,,,True,Trendyol,Trendyol,FIRM_0166,subsidiary,ecommerce,Alibaba,FIRM_0004,True,Alibaba,Alibaba,FIRM_0004,parent,company,,,True,Alibaba,Alibaba,FIRM_0004,parent,company,,,True,FIRM_0004,Alibaba,FIRM_0166,Trendyol,source_is_upstream_of_target,True,False,0.3,0.0,0.0,1.0,0.19,0.19
Alibaba Group,Alibaba,E-commerce / Cloud,China Telecom Corporation Limited,China Telecom,Telecom,2022,cloud_provider,upstream,0.5,N,0.0,N,governance,Item1A,Alibaba Group,Alibaba,FIRM_0004,parent,company,,,True,China Telecom Corporation Limited,China Telecom,FIRM_0035,parent,telecommunications,,,True,Alibaba,Alibaba,FIRM_0004,parent,company,,,True,China Telecom,China Telecom,FIRM_0035,parent,telecommunications,,,True,FIRM_0035,China Telecom,FIRM_0004,Alibaba,target_is_upstream_of_source,True,False,0.5,0.0,0.0,0.0,0.15,0.15
Alibaba Group,Alibaba,E-commerce / Cloud,China Mobile Limited,China Mobile,Telecom,2022,cloud_provider,upstream,0.5,N,0.0,N,governance,Item1A,Alibaba Group,Alibaba,FIRM_0004,parent,company,,,True,China Mobile Limited,China Mobile,FIRM_0034,parent,telecommunications,,,True,Alibaba,Alibaba,FIRM_0004,parent,company,,,True,China Mobile,China Mobile,FIRM_0034,parent,telecommunications,,,True,FIRM_0034,China Mobile,FIRM_0004,Alibaba,target_is_upstream_of_source,True,False,0.5,0.0,0.0,0.0,0.15,0.15
Alibaba Group,Alibaba,E-commerce / Cloud,China Unicom Hong Kong Limited,China Unicom,Telecom,2022,cloud_provider,upstream,0.5,N,0.0,N,governance,Item1A,Alibaba Group,Alibaba,FIRM_0004,parent,company,,,True,China Unicom Hong Kong Limited,China Unicom,FIRM_0036,parent,telecommunications,,,True,Alibaba,Alibaba,FIRM_0004,parent,company,,,True,China Unicom,China Unicom,FIRM_0036,parent,telecommunications,,,True,FIRM_0036,China Unicom,FIRM_0004,Alibaba,target_is_upstream_of_source,True,False,0.5,0.0,0.0,0.0,0.15,0.15
Alibaba Group,Alibaba,E-commerce / Cloud,Mango Excellent Media,Mango Excellent Media,Media / Entertainment,2022,investment_target,upstream,0.0,Y,1.0,N,none,Item7,Alibaba Group,Alibaba,FIRM_0004,parent,company,,,True,Mango Excellent Media,Mango Excellent Media,FIRM_0092,parent,media,,,True,Alibaba,Alibaba,FIRM_0004,parent,company,,,True,Mango Excellent Media,Mango Excellent Media,FIRM_0092,parent,media,,,True,FIRM_0092,Mango Excellent Media,FIRM_0004,Alibaba,target_is_upstream_of_source,True,False,0.0,0.3333333333333333,0.0,1.0,0.2333333333333333,0.2333333333333333
Alibaba Group,Alibaba,E-commerce / Cloud,MegaFon,MegaFon,Telecom,2022,investment_target,mutual,0.5,Y,1.0,N,operational,Item7,Alibaba Group,Alibaba,FIRM_0004,parent,company,,,True,MegaFon,MegaFon,FIRM_0093,parent,telecommunications,,,True,Alibaba,Alibaba,FIRM_0004,parent,company,,,True,MegaFon,MegaFon,FIRM_0093,parent,telecommunications,,,True,FIRM_0004,Alibaba,FIRM_0093,MegaFon,mutual_source_to_target,True,True,0.5,0.3333333333333333,0.0,1.0,0.3833333333333333,0.3833333333333333
Alibaba Group,Alibaba,E-commerce / Cloud,MegaFon,MegaFon,Telecom,2022,investment_target,mutual,0.5,Y,1.0,N,operational,Item7,Alibaba Group,Alibaba,FIRM_0004,parent,company,,,True,MegaFon,MegaFon,FIRM_0093,parent,telecommunications,,,True,Alibaba,Alibaba,FIRM_0004,parent,company,,,True,MegaFon,MegaFon,FIRM_0093,parent,telecommunications,,,True,FIRM_0093,MegaFon,FIRM_0004,Alibaba,mutual_target_to_source,True,True,0.5,0.3333333333333333,0.0,1.0,0.3833333333333333,0.3833333333333333
Altair Engineering,Altair_Engineering,Engineering Software,"RapidMiner, Inc.",Altair_Engineering,Data Science / AI Platform,2022,subsidiary,mutual,0.3,Y,1.0,N,operational,Item8,Altair Engineering,Altair Engineering,FIRM_0007,parent,engineering_software,,,True,"RapidMiner, Inc.",RapidMiner,FIRM_0127,subsidiary,analytics_platform,Altair Engineering,FIRM_0007,True,Altair_Engineering,Altair Engineering,FIRM_0007,parent,engineering_software,,,True,Altair_Engineering,Altair Engineering,FIRM_0007,parent,engineering_software,,,True,FIRM_0007,Altair Engineering,FIRM_0127,RapidMiner,mutual_source_to_target,True,True,0.3,0.3333333333333333,0.0,1.0,0.3233333333333333,0.3233333333333333
Altair Engineering,Altair_Engineering,Engineering Software,"RapidMiner, Inc.",Altair_Engineering,Data Science / AI Platform,2022,subsidiary,mutual,0.3,Y,1.0,N,operational,Item8,Altair Engineering,Altair Engineering,FIRM_0007,parent,engineering_software,,,True,"RapidMiner, Inc.",RapidMiner,FIRM_0127,subsidiary,analytics_platform,Altair Engineering,FIRM_0007,True,Altair_Engineering,Altair Engineering,FIRM_0007,parent,engineering_software,,,True,Altair_Engineering,Altair Engineering,FIRM_0007,parent,engineering_software,,,True,FIRM_0127,RapidMiner,FIRM_0007,Altair Engineering,mutual_target_to_source,True,True,0.3,0.3333333333333333,0.0,1.0,0.3233333333333333,0.3233333333333333
Altair Engineering,Altair_Engineering,Engineering Software,Concept Engineering,Altair_Engineering,Engineering Software,2022,subsidiary,mutual,0.3,Y,1.0,N,operational,Item8,Altair Engineering,Altair Engineering,FIRM_0007,parent,engineering_software,,,True,Concept Engineering,Concept Engineering,FIRM_0039,subsidiary,software,Altair Engineering,FIRM_0007,True,Altair_Engineering,Altair Engineering,FIRM_0007,parent,engineering_software,,,True,Altair_Engineering,Altair Engineering,FIRM_0007,parent,engineering_software,,,True,FIRM_0007,Altair Engineering,FIRM_0039,Concept Engineering,mutual_source_to_target,True,True,0.3,0.3333333333333333,0.0,1.0,0.3233333333333333,0.3233333333333333
Altair Engineering,Altair_Engineering,Engineering Software,Concept Engineering,Altair_Engineering,Engineering Software,2022,subsidiary,mutual,0.3,Y,1.0,N,operational,Item8,Altair Engineering,Altair Engineering,FIRM_0007,parent,engineering_software,,,True,Concept Engineering,Concept Engineering,FIRM_0039,subsidiary,software,Altair Engineering,FIRM_0007,True,Altair_Engineering,Altair Engineering,FIRM_0007,parent,engineering_software,,,True,Altair_Engineering,Altair Engineering,FIRM_0007,parent,engineering_software,,,True,FIRM_0039,Concept Engineering,FIRM_0007,Altair Engineering,mutual_target_to_source,True,True,0.3,0.3333333333333333,0.0,1.0,0.3233333333333333,0.3233333333333333
Altair Engineering,Altair_Engineering,Engineering Software,World Programming,Altair_Engineering,Analytics Software (SAS-compatible),2022,subsidiary,mutual,0.5,Y,0.5,N,governance,Item8,Altair Engineering,Altair Engineering,FIRM_0007,parent,engineering_software,,,True,World Programming,World Programming,FIRM_0174,subsidiary,software,Altair Engineering,FIRM_0007,True,Altair_Engineering,Altair Engineering,FIRM_0007,parent,engineering_software,,,True,Altair_Engineering,Altair Engineering,FIRM_0007,parent,engineering_software,,,True,FIRM_0007,Altair Engineering,FIRM_0174,World Programming,mutual_source_to_target,True,True,0.5,0.1666666666666666,0.0,1.0,0.3166666666666666,0.3166666666666666
Altair Engineering,Altair_Engineering,Engineering Software,World Programming,Altair_Engineering,Analytics Software (SAS-compatible),2022,subsidiary,mutual,0.5,Y,0.5,N,governance,Item8,Altair Engineering,Altair Engineering,FIRM_0007,parent,engineering_software,,,True,World Programming,World Programming,FIRM_0174,subsidiary,software,Altair Engineering,FIRM_0007,True,Altair_Engineering,Altair Engineering,FIRM_0007,parent,engineering_software,,,True,Altair_Engineering,Altair Engineering,FIRM_0007,parent,engineering_software,,,True,FIRM_0174,World Programming,FIRM_0007,Altair Engineering,mutual_target_to_source,True,True,0.5,0.1666666666666666,0.0,1.0,0.3166666666666666,0.3166666666666666
Altair Engineering,Altair_Engineering,Engineering Software,Powersim Inc.,Altair_Engineering,Simulation Software,2022,subsidiary,mutual,0.3,Y,0.5,N,operational,Item8,Altair Engineering,Altair Engineering,FIRM_0007,parent,engineering_software,,,True,Powersim Inc.,Powersim,FIRM_0124,subsidiary,software,Altair Engineering,FIRM_0007,True,Altair_Engineering,Altair Engineering,FIRM_0007,parent,engineering_software,,,True,Altair_Engineering,Altair Engineering,FIRM_0007,parent,engineering_software,,,True,FIRM_0007,Altair Engineering,FIRM_0124,Powersim,mutual_source_to_target,True,True,0.3,0.1666666666666666,0.0,1.0,0.2566666666666667,0.2566666666666667
Altair Engineering,Altair_Engineering,Engineering Software,Powersim Inc.,Altair_Engineering,Simulation Software,2022,subsidiary,mutual,0.3,Y,0.5,N,operational,Item8,Altair Engineering,Altair Engineering,FIRM_0007,parent,engineering_software,,,True,Powersim Inc.,Powersim,FIRM_0124,subsidiary,software,Altair Engineering,FIRM_0007,True,Altair_Engineering,Altair Engineering,FIRM_0007,parent,engineering_software,,,True,Altair_Engineering,Altair Engineering,FIRM_0007,parent,engineering_software,,,True,FIRM_0124,Powersim,FIRM_0007,Altair Engineering,mutual_target_to_source,True,True,0.3,0.1666666666666666,0.0,1.0,0.2566666666666667,0.2566666666666667
Altair Engineering,Altair_Engineering,Engineering Software,Polliwog,Altair_Engineering,Engineering Software,2022,subsidiary,mutual,0.3,Y,0.5,N,operational,Item8,Altair Engineering,Altair Engineering,FIRM_0007,parent,engineering_software,,,True,Polliwog,Polliwog,FIRM_0123,subsidiary,software,Altair Engineering,FIRM_0007,True,Altair_Engineering,Altair Engineering,FIRM_0007,parent,engineering_software,,,True,Altair_Engineering,Altair Engineering,FIRM_0007,parent,engineering_software,,,True,FIRM_0007,Altair Engineering,FIRM_0123,Polliwog,mutual_source_to_target,True,True,0.3,0.1666666666666666,0.0,1.0,0.2566666666666667,0.2566666666666667
Altair Engineering,Altair_Engineering,Engineering Software,Polliwog,Altair_Engineering,Engineering Software,2022,subsidiary,mutual,0.3,Y,0.5,N,operational,Item8,Altair Engineering,Altair Engineering,FIRM_0007,parent,engineering_software,,,True,Polliwog,Polliwog,FIRM_0123,subsidiary,software,Altair Engineering,FIRM_0007,True,Altair_Engineering,Altair Engineering,FIRM_0007,parent,engineering_software,,,True,Altair_Engineering,Altair Engineering,FIRM_0007,parent,engineering_software,,,True,FIRM_0123,Polliwog,FIRM_0007,Altair Engineering,mutual_target_to_source,True,True,0.3,0.1666666666666666,0.0,1.0,0.2566666666666667,0.2566666666666667
Altair Engineering,Altair_Engineering,Engineering Software,Toggled (LED Lighting Subsidiary),Altair_Engineering,IoT / Lighting,2022,subsidiary,downstream,0.0,Y,0.0,N,none,기타,Altair Engineering,Altair Engineering,FIRM_0007,parent,engineering_software,,,True,Toggled (LED Lighting Subsidiary),Toggled,FIRM_0165,subsidiary,iot_lighting,Altair Engineering,FIRM_0007,True,Altair_Engineering,Altair Engineering,FIRM_0007,parent,engineering_software,,,True,Altair_Engineering,Altair Engineering,FIRM_0007,parent,engineering_software,,,True,FIRM_0007,Altair Engineering,FIRM_0165,Toggled,source_is_upstream_of_target,True,False,0.0,0.0,0.0,1.0,0.1,0.1
Alphabet Inc.,Google,Internet / Cloud / AI,Mandiant,Google,Cybersecurity,2022,investment_target,downstream,0.0,Y,1.0,N,operational,Item7,Alphabet Inc.,Alphabet,FIRM_0006,parent,holding_company,,,True,Mandiant,Mandiant,FIRM_0091,subsidiary,cybersecurity,Google,FIRM_0061,True,Google,Google,FIRM_0061,subsidiary,technology_company,Alphabet,FIRM_0006,True,Google,Google,FIRM_0061,subsidiary,technology_company,Alphabet,FIRM_0006,True,FIRM_0006,Alphabet,FIRM_0091,Mandiant,source_is_upstream_of_target,True,False,0.0,0.3333333333333333,0.0,1.0,0.2333333333333333,0.2333333333333333
Alphabet Inc.,Google,Internet / Cloud / AI,Fitbit,Google,Consumer Electronics / Wearables,2022,subsidiary,downstream,0.0,Y,0.0,N,none,Item7,Alphabet Inc.,Alphabet,FIRM_0006,parent,holding_company,,,True,Fitbit,Fitbit,FIRM_0058,subsidiary,wearables,Google,FIRM_0061,True,Google,Google,FIRM_0061,subsidiary,technology_company,Alphabet,FIRM_0006,True,Google,Google,FIRM_0061,subsidiary,technology_company,Alphabet,FIRM_0006,True,FIRM_0006,Alphabet,FIRM_0058,Fitbit,source_is_upstream_of_target,True,False,0.0,0.0,0.0,1.0,0.1,0.1
Alphabet Inc.,Google,Internet / Cloud / AI,Google DeepMind,Google,AI / ML Research,2022,subsidiary,upstream,0.3,Y,0.0,Y,operational,Item7,Alphabet Inc.,Alphabet,FIRM_0006,parent,holding_company,,,True,Google DeepMind,Google DeepMind,FIRM_0063,subsidiary,ai_research,Google,FIRM_0061,True,Google,Google,FIRM_0061,subsidiary,technology_company,Alphabet,FIRM_0006,True,Google,Google,FIRM_0061,subsidiary,technology_company,Alphabet,FIRM_0006,True,FIRM_0063,Google DeepMind,FIRM_0006,Alphabet,target_is_upstream_of_source,True,False,0.3,0.0,1.0,1.0,0.39,0.39
Alphabet Inc.,Google,Internet / Cloud / AI,Waymo,Google,Autonomous Vehicles,2022,subsidiary,downstream,0.3,Y,0.5,N,operational,기타,Alphabet Inc.,Alphabet,FIRM_0006,parent,holding_company,,,True,Waymo,Waymo,FIRM_0170,subsidiary,autonomous_vehicle,Alphabet,FIRM_0006,True,Google,Google,FIRM_0061,subsidiary,technology_company,Alphabet,FIRM_0006,True,Google,Google,FIRM_0061,subsidiary,technology_company,Alphabet,FIRM_0006,True,FIRM_0006,Alphabet,FIRM_0170,Waymo,source_is_upstream_of_target,True,False,0.3,0.1666666666666666,0.0,1.0,0.2566666666666667,0.2566666666666667
Microsoft Corporation,Microsoft,Enterprise Software / Cloud,"Nuance Communications, Inc.",Microsoft,AI / Speech Technology,2022,subsidiary,mutual,0.0,Y,1.0,Y,operational,Item8,Microsoft Corporation,Microsoft,FIRM_0097,parent,company,,,True,"Nuance Communications, Inc.",Nuance Communications,FIRM_0110,subsidiary,ai_software,Microsoft,FIRM_0097,True,Microsoft,Microsoft,FIRM_0097,parent,company,,,True,Microsoft,Microsoft,FIRM_0097,parent,company,,,True,FIRM_0097,Microsoft,FIRM_0110,Nuance Communications,mutual_source_to_target,True,True,0.0,0.3333333333333333,1.0,1.0,0.4333333333333333,0.4333333333333333
Microsoft Corporation,Microsoft,Enterprise Software / Cloud,"Nuance Communications, Inc.",Microsoft,AI / Speech Technology,2022,subsidiary,mutual,0.0,Y,1.0,Y,operational,Item8,Microsoft Corporation,Microsoft,FIRM_0097,parent,company,,,True,"Nuance Communications, Inc.",Nuance Communications,FIRM_0110,subsidiary,ai_software,Microsoft,FIRM_0097,True,Microsoft,Microsoft,FIRM_0097,parent,company,,,True,Microsoft,Microsoft,FIRM_0097,parent,company,,,True,FIRM_0110,Nuance Communications,FIRM_0097,Microsoft,mutual_target_to_source,True,True,0.0,0.3333333333333333,1.0,1.0,0.4333333333333333,0.4333333333333333
Microsoft Corporation,Microsoft,Enterprise Software / Cloud,ZeniMax Media Inc. (Bethesda Softworks),Microsoft,Gaming,2022,subsidiary,mutual,0.3,Y,1.0,N,operational,Item8,Microsoft Corporation,Microsoft,FIRM_0097,parent,company,,,True,ZeniMax Media Inc. (Bethesda Softworks),ZeniMax Media,FIRM_0177,subsidiary,gaming,Microsoft,FIRM_0097,True,Microsoft,Microsoft,FIRM_0097,parent,company,,,True,Microsoft,Microsoft,FIRM_0097,parent,company,,,True,FIRM_0097,Microsoft,FIRM_0177,ZeniMax Media,mutual_source_to_target,True,True,0.3,0.3333333333333333,0.0,1.0,0.3233333333333333,0.3233333333333333
Microsoft Corporation,Microsoft,Enterprise Software / Cloud,ZeniMax Media Inc. (Bethesda Softworks),Microsoft,Gaming,2022,subsidiary,mutual,0.3,Y,1.0,N,operational,Item8,Microsoft Corporation,Microsoft,FIRM_0097,parent,company,,,True,ZeniMax Media Inc. (Bethesda Softworks),ZeniMax Media,FIRM_0177,subsidiary,gaming,Microsoft,FIRM_0097,True,Microsoft,Microsoft,FIRM_0097,parent,company,,,True,Microsoft,Microsoft,FIRM_0097,parent,company,,,True,FIRM_0177,ZeniMax Media,FIRM_0097,Microsoft,mutual_target_to_source,True,True,0.3,0.3333333333333333,0.0,1.0,0.3233333333333333,0.3233333333333333
Microsoft Corporation,Microsoft,Enterprise Software / Cloud,"Activision Blizzard, Inc.",Microsoft,Gaming,2022,investment_target,downstream,0.5,Y,1.0,N,governance,Item1A,Microsoft Corporation,Microsoft,FIRM_0097,parent,company,,,True,"Activision Blizzard, Inc.",Activision Blizzard,FIRM_0003,subsidiary,gaming,Microsoft,FIRM_0097,True,Microsoft,Microsoft,FIRM_0097,parent,company,,,True,Microsoft,Microsoft,FIRM_0097,parent,company,,,True,FIRM_0097,Microsoft,FIRM_0003,Activision Blizzard,source_is_upstream_of_target,True,False,0.5,0.3333333333333333,0.0,1.0,0.3833333333333333,0.3833333333333333
Microsoft Corporation,Microsoft,Enterprise Software / Cloud,LinkedIn,Microsoft,Professional Network / SaaS,2022,subsidiary,mutual,0.3,Y,0.5,Y,operational,Item7,Microsoft Corporation,Microsoft,FIRM_0097,parent,company,,,True,LinkedIn,LinkedIn,FIRM_0084,subsidiary,social_platform,Microsoft,FIRM_0097,True,Microsoft,Microsoft,FIRM_0097,parent,company,,,True,Microsoft,Microsoft,FIRM_0097,parent,company,,,True,FIRM_0097,Microsoft,FIRM_0084,LinkedIn,mutual_source_to_target,True,True,0.3,0.1666666666666666,1.0,1.0,0.4566666666666666,0.4566666666666666
Microsoft Corporation,Microsoft,Enterprise Software / Cloud,LinkedIn,Microsoft,Professional Network / SaaS,2022,subsidiary,mutual,0.3,Y,0.5,Y,operational,Item7,Microsoft Corporation,Microsoft,FIRM_0097,parent,company,,,True,LinkedIn,LinkedIn,FIRM_0084,subsidiary,social_platform,Microsoft,FIRM_0097,True,Microsoft,Microsoft,FIRM_0097,parent,company,,,True,Microsoft,Microsoft,FIRM_0097,parent,company,,,True,FIRM_0084,LinkedIn,FIRM_0097,Microsoft,mutual_target_to_source,True,True,0.3,0.1666666666666666,1.0,1.0,0.4566666666666666,0.4566666666666666
Microsoft Corporation,Microsoft,Enterprise Software / Cloud,GitHub,Microsoft,Dev Tools / Open Source,2022,subsidiary,mutual,0.3,Y,0.0,Y,operational,Item1,Microsoft Corporation,Microsoft,FIRM_0097,parent,company,,,True,GitHub,GitHub,FIRM_0060,subsidiary,developer_platform,Microsoft,FIRM_0097,True,Microsoft,Microsoft,FIRM_0097,parent,company,,,True,Microsoft,Microsoft,FIRM_0097,parent,company,,,True,FIRM_0097,Microsoft,FIRM_0060,GitHub,mutual_source_to_target,True,True,0.3,0.0,1.0,1.0,0.39,0.39
Microsoft Corporation,Microsoft,Enterprise Software / Cloud,GitHub,Microsoft,Dev Tools / Open Source,2022,subsidiary,mutual,0.3,Y,0.0,Y,operational,Item1,Microsoft Corporation,Microsoft,FIRM_0097,parent,company,,,True,GitHub,GitHub,FIRM_0060,subsidiary,developer_platform,Microsoft,FIRM_0097,True,Microsoft,Microsoft,FIRM_0097,parent,company,,,True,Microsoft,Microsoft,FIRM_0097,parent,company,,,True,FIRM_0060,GitHub,FIRM_0097,Microsoft,mutual_target_to_source,True,True,0.3,0.0,1.0,1.0,0.39,0.39
Microsoft Corporation,Microsoft,Enterprise Software / Cloud,Dell Technologies,Dell Technologies,Hardware / IT Infrastructure,2022,customer,downstream,0.3,N,0.0,N,none,Item1,Microsoft Corporation,Microsoft,FIRM_0097,parent,company,,,True,Dell Technologies,Dell Technologies,FIRM_0048,parent,hardware,,,True,Microsoft,Microsoft,FIRM_0097,parent,company,,,True,Dell Technologies,Dell Technologies,FIRM_0048,parent,hardware,,,True,FIRM_0097,Microsoft,FIRM_0048,Dell Technologies,source_is_upstream_of_target,True,False,0.3,0.0,0.0,0.0,0.1,0.1
Microsoft Corporation,Microsoft,Enterprise Software / Cloud,Hewlett-Packard Enterprise,Hewlett Packard Enterprise (HPE),Hardware / IT Infrastructure,2022,customer,downstream,0.3,N,0.0,N,none,Item1,Microsoft Corporation,Microsoft,FIRM_0097,parent,company,,,True,Hewlett-Packard Enterprise,Hewlett Packard Enterprise,FIRM_0067,parent,enterprise_hardware,,,True,Microsoft,Microsoft,FIRM_0097,parent,company,,,True,Hewlett Packard Enterprise (HPE),Hewlett Packard Enterprise,FIRM_0067,parent,enterprise_hardware,,,True,FIRM_0097,Microsoft,FIRM_0067,Hewlett Packard Enterprise,source_is_upstream_of_target,True,False,0.3,0.0,0.0,0.0,0.1,0.1
Microsoft Corporation,Microsoft,Enterprise Software / Cloud,Lenovo Group,Lenovo,Hardware / IT,2022,customer,downstream,0.3,N,0.0,N,none,Item1,Microsoft Corporation,Microsoft,FIRM_0097,parent,company,,,True,Lenovo Group,Lenovo,FIRM_0083,parent,hardware,,,True,Microsoft,Microsoft,FIRM_0097,parent,company,,,True,Lenovo,Lenovo,FIRM_0083,parent,hardware,,,True,FIRM_0097,Microsoft,FIRM_0083,Lenovo,source_is_upstream_of_target,True,False,0.3,0.0,0.0,0.0,0.1,0.1
SAP SE,SAP,Enterprise Software (ERP),Cloud4C,Cloud4C,Cloud Managed Services,2022,cloud_provider,upstream,1.0,N,0.0,N,security,Item1A,SAP SE,SAP,FIRM_0132,parent,enterprise_software,,,True,Cloud4C,Cloud4C,FIRM_0037,parent,cloud_services,,,True,SAP,SAP,FIRM_0132,parent,enterprise_software,,,True,Cloud4C,Cloud4C,FIRM_0037,parent,cloud_services,,,True,FIRM_0037,Cloud4C,FIRM_0132,SAP,target_is_upstream_of_source,True,False,1.0,0.0,0.0,0.0,0.3,0.3
SAP SE,SAP,Enterprise Software (ERP),SAP Deutschland SE & Co. KG,SAP,Enterprise Software (ERP),2022,subsidiary,mutual,0.0,N,0.0,N,none,Item4,SAP SE,SAP,FIRM_0132,parent,enterprise_software,,,True,SAP Deutschland SE & Co. KG,SAP Deutschland,FIRM_0137,regional_entity,enterprise_software,SAP,FIRM_0132,True,SAP,SAP,FIRM_0132,parent,enterprise_software,,,True,SAP,SAP,FIRM_0132,parent,enterprise_software,,,True,FIRM_0132,SAP,FIRM_0137,SAP Deutschland,mutual_source_to_target,True,True,0.0,0.0,0.0,0.0,0.1,0.1
SAP SE,SAP,Enterprise Software (ERP),SAP Deutschland SE & Co. KG,SAP,Enterprise Software (ERP),2022,subsidiary,mutual,0.0,N,0.0,N,none,Item4,SAP SE,SAP,FIRM_0132,parent,enterprise_software,,,True,SAP Deutschland SE & Co. KG,SAP Deutschland,FIRM_0137,regional_entity,enterprise_software,SAP,FIRM_0132,True,SAP,SAP,FIRM_0132,parent,enterprise_software,,,True,SAP,SAP,FIRM_0132,parent,enterprise_software,,,True,FIRM_0137,SAP Deutschland,FIRM_0132,SAP,mutual_target_to_source,True,True,0.0,0.0,0.0,0.0,0.1,0.1
SAP SE,SAP,Enterprise Software (ERP),SAP Schweiz AG,SAP,Enterprise Software (ERP),2022,subsidiary,mutual,0.0,N,0.0,N,none,Item4,SAP SE,SAP,FIRM_0132,parent,enterprise_software,,,True,SAP Schweiz AG,SAP Schweiz,FIRM_0143,regional_entity,enterprise_software,SAP,FIRM_0132,True,SAP,SAP,FIRM_0132,parent,enterprise_software,,,True,SAP,SAP,FIRM_0132,parent,enterprise_software,,,True,FIRM_0132,SAP,FIRM_0143,SAP Schweiz,mutual_source_to_target,True,True,0.0,0.0,0.0,0.0,0.1,0.1
SAP SE,SAP,Enterprise Software (ERP),SAP Schweiz AG,SAP,Enterprise Software (ERP),2022,subsidiary,mutual,0.0,N,0.0,N,none,Item4,SAP SE,SAP,FIRM_0132,parent,enterprise_software,,,True,SAP Schweiz AG,SAP Schweiz,FIRM_0143,regional_entity,enterprise_software,SAP,FIRM_0132,True,SAP,SAP,FIRM_0132,parent,enterprise_software,,,True,SAP,SAP,FIRM_0132,parent,enterprise_software,,,True,FIRM_0143,SAP Schweiz,FIRM_0132,SAP,mutual_target_to_source,True,True,0.0,0.0,0.0,0.0,0.1,0.1
SAP SE,SAP,Enterprise Software (ERP),SAP UK Limited,SAP,Enterprise Software (ERP),2022,subsidiary,mutual,0.0,N,0.0,N,none,Item4,SAP SE,SAP,FIRM_0132,parent,enterprise_software,,,True,SAP UK Limited,SAP UK,FIRM_0146,regional_entity,enterprise_software,SAP,FIRM_0132,True,SAP,SAP,FIRM_0132,parent,enterprise_software,,,True,SAP,SAP,FIRM_0132,parent,enterprise_software,,,True,FIRM_0132,SAP,FIRM_0146,SAP UK,mutual_source_to_target,True,True,0.0,0.0,0.0,0.0,0.1,0.1
SAP SE,SAP,Enterprise Software (ERP),SAP UK Limited,SAP,Enterprise Software (ERP),2022,subsidiary,mutual,0.0,N,0.0,N,none,Item4,SAP SE,SAP,FIRM_0132,parent,enterprise_software,,,True,SAP UK Limited,SAP UK,FIRM_0146,regional_entity,enterprise_software,SAP,FIRM_0132,True,SAP,SAP,FIRM_0132,parent,enterprise_software,,,True,SAP,SAP,FIRM_0132,parent,enterprise_software,,,True,FIRM_0146,SAP UK,FIRM_0132,SAP,mutual_target_to_source,True,True,0.0,0.0,0.0,0.0,0.1,0.1
SAP SE,SAP,Enterprise Software (ERP),SAP España S.A.,SAP,Enterprise Software (ERP),2022,subsidiary,mutual,0.0,N,0.0,N,none,Item4,SAP SE,SAP,FIRM_0132,parent,enterprise_software,,,True,SAP España S.A.,SAP España,FIRM_0138,regional_entity,enterprise_software,SAP,FIRM_0132,True,SAP,SAP,FIRM_0132,parent,enterprise_software,,,True,SAP,SAP,FIRM_0132,parent,enterprise_software,,,True,FIRM_0132,SAP,FIRM_0138,SAP España,mutual_source_to_target,True,True,0.0,0.0,0.0,0.0,0.1,0.1
SAP SE,SAP,Enterprise Software (ERP),SAP España S.A.,SAP,Enterprise Software (ERP),2022,subsidiary,mutual,0.0,N,0.0,N,none,Item4,SAP SE,SAP,FIRM_0132,parent,enterprise_software,,,True,SAP España S.A.,SAP España,FIRM_0138,regional_entity,enterprise_software,SAP,FIRM_0132,True,SAP,SAP,FIRM_0132,parent,enterprise_software,,,True,SAP,SAP,FIRM_0132,parent,enterprise_software,,,True,FIRM_0138,SAP España,FIRM_0132,SAP,mutual_target_to_source,True,True,0.0,0.0,0.0,0.0,0.1,0.1
SAP SE,SAP,Enterprise Software (ERP),SAP France,SAP,Enterprise Software (ERP),2022,subsidiary,mutual,0.0,N,0.0,N,none,Item4,SAP SE,SAP,FIRM_0132,parent,enterprise_software,,,True,SAP France,SAP France,FIRM_0139,regional_entity,enterprise_software,SAP,FIRM_0132,True,SAP,SAP,FIRM_0132,parent,enterprise_software,,,True,SAP,SAP,FIRM_0132,parent,enterprise_software,,,True,FIRM_0132,SAP,FIRM_0139,SAP France,mutual_source_to_target,True,True,0.0,0.0,0.0,0.0,0.1,0.1
SAP SE,SAP,Enterprise Software (ERP),SAP France,SAP,Enterprise Software (ERP),2022,subsidiary,mutual,0.0,N,0.0,N,none,Item4,SAP SE,SAP,FIRM_0132,parent,enterprise_software,,,True,SAP France,SAP France,FIRM_0139,regional_entity,enterprise_software,SAP,FIRM_0132,True,SAP,SAP,FIRM_0132,parent,enterprise_software,,,True,SAP,SAP,FIRM_0132,parent,enterprise_software,,,True,FIRM_0139,SAP France,FIRM_0132,SAP,mutual_target_to_source,True,True,0.0,0.0,0.0,0.0,0.1,0.1
SAP SE,SAP,Enterprise Software (ERP),SAP Italia S.p.A.,SAP,Enterprise Software (ERP),2022,subsidiary,mutual,0.0,N,0.0,N,none,Item4,SAP SE,SAP,FIRM_0132,parent,enterprise_software,,,True,SAP Italia S.p.A.,SAP Italia,FIRM_0140,regional_entity,enterprise_software,SAP,FIRM_0132,True,SAP,SAP,FIRM_0132,parent,enterprise_software,,,True,SAP,SAP,FIRM_0132,parent,enterprise_software,,,True,FIRM_0132,SAP,FIRM_0140,SAP Italia,mutual_source_to_target,True,True,0.0,0.0,0.0,0.0,0.1,0.1
SAP SE,SAP,Enterprise Software (ERP),SAP Italia S.p.A.,SAP,Enterprise Software (ERP),2022,subsidiary,mutual,0.0,N,0.0,N,none,Item4,SAP SE,SAP,FIRM_0132,parent,enterprise_software,,,True,SAP Italia S.p.A.,SAP Italia,FIRM_0140,regional_entity,enterprise_software,SAP,FIRM_0132,True,SAP,SAP,FIRM_0132,parent,enterprise_software,,,True,SAP,SAP,FIRM_0132,parent,enterprise_software,,,True,FIRM_0140,SAP Italia,FIRM_0132,SAP,mutual_target_to_source,True,True,0.0,0.0,0.0,0.0,0.1,0.1
SAP SE,SAP,Enterprise Software (ERP),SAP Nederland B.V.,SAP,Enterprise Software (ERP),2022,subsidiary,mutual,0.0,N,0.0,N,none,Item4,SAP SE,SAP,FIRM_0132,parent,enterprise_software,,,True,SAP Nederland B.V.,SAP Nederland,FIRM_0142,regional_entity,enterprise_software,SAP,FIRM_0132,True,SAP,SAP,FIRM_0132,parent,enterprise_software,,,True,SAP,SAP,FIRM_0132,parent,enterprise_software,,,True,FIRM_0132,SAP,FIRM_0142,SAP Nederland,mutual_source_to_target,True,True,0.0,0.0,0.0,0.0,0.1,0.1
SAP SE,SAP,Enterprise Software (ERP),SAP Nederland B.V.,SAP,Enterprise Software (ERP),2022,subsidiary,mutual,0.0,N,0.0,N,none,Item4,SAP SE,SAP,FIRM_0132,parent,enterprise_software,,,True,SAP Nederland B.V.,SAP Nederland,FIRM_0142,regional_entity,enterprise_software,SAP,FIRM_0132,True,SAP,SAP,FIRM_0132,parent,enterprise_software,,,True,SAP,SAP,FIRM_0132,parent,enterprise_software,,,True,FIRM_0142,SAP Nederland,FIRM_0132,SAP,mutual_target_to_source,True,True,0.0,0.0,0.0,0.0,0.1,0.1
SAP SE,SAP,Enterprise Software (ERP),"SAP America, Inc.",SAP,Enterprise Software (ERP),2022,subsidiary,mutual,0.0,N,0.0,N,none,Item4,SAP SE,SAP,FIRM_0132,parent,enterprise_software,,,True,"SAP America, Inc.",SAP America,FIRM_0133,regional_entity,enterprise_software,SAP,FIRM_0132,True,SAP,SAP,FIRM_0132,parent,enterprise_software,,,True,SAP,SAP,FIRM_0132,parent,enterprise_software,,,True,FIRM_0132,SAP,FIRM_0133,SAP America,mutual_source_to_target,True,True,0.0,0.0,0.0,0.0,0.1,0.1
SAP SE,SAP,Enterprise Software (ERP),"SAP America, Inc.",SAP,Enterprise Software (ERP),2022,subsidiary,mutual,0.0,N,0.0,N,none,Item4,SAP SE,SAP,FIRM_0132,parent,enterprise_software,,,True,"SAP America, Inc.",SAP America,FIRM_0133,regional_entity,enterprise_software,SAP,FIRM_0132,True,SAP,SAP,FIRM_0132,parent,enterprise_software,,,True,SAP,SAP,FIRM_0132,parent,enterprise_software,,,True,FIRM_0133,SAP America,FIRM_0132,SAP,mutual_target_to_source,True,True,0.0,0.0,0.0,0.0,0.1,0.1
SAP SE,SAP,Enterprise Software (ERP),"Ariba, Inc.",SAP,Procurement Software,2022,subsidiary,mutual,0.0,Y,0.0,N,none,Item4,SAP SE,SAP,FIRM_0132,parent,enterprise_software,,,True,"Ariba, Inc.",SAP Ariba,FIRM_0134,subsidiary,procurement_software,SAP,FIRM_0132,True,SAP,SAP,FIRM_0132,parent,enterprise_software,,,True,SAP,SAP,FIRM_0132,parent,enterprise_software,,,True,FIRM_0132,SAP,FIRM_0134,SAP Ariba,mutual_source_to_target,True,True,0.0,0.0,0.0,1.0,0.1,0.1
SAP SE,SAP,Enterprise Software (ERP),"Ariba, Inc.",SAP,Procurement Software,2022,subsidiary,mutual,0.0,Y,0.0,N,none,Item4,SAP SE,SAP,FIRM_0132,parent,enterprise_software,,,True,"Ariba, Inc.",SAP Ariba,FIRM_0134,subsidiary,procurement_software,SAP,FIRM_0132,True,SAP,SAP,FIRM_0132,parent,enterprise_software,,,True,SAP,SAP,FIRM_0132,parent,enterprise_software,,,True,FIRM_0134,SAP Ariba,FIRM_0132,SAP,mutual_target_to_source,True,True,0.0,0.0,0.0,1.0,0.1,0.1
SAP SE,SAP,Enterprise Software (ERP),"Concur Technologies, Inc.",SAP,Travel & Expense Software,2022,subsidiary,mutual,0.0,Y,0.0,N,none,Item4,SAP SE,SAP,FIRM_0132,parent,enterprise_software,,,True,"Concur Technologies, Inc.",SAP Concur,FIRM_0136,subsidiary,travel_expense_software,SAP,FIRM_0132,True,SAP,SAP,FIRM_0132,parent,enterprise_software,,,True,SAP,SAP,FIRM_0132,parent,enterprise_software,,,True,FIRM_0132,SAP,FIRM_0136,SAP Concur,mutual_source_to_target,True,True,0.0,0.0,0.0,1.0,0.1,0.1
SAP SE,SAP,Enterprise Software (ERP),"Concur Technologies, Inc.",SAP,Travel & Expense Software,2022,subsidiary,mutual,0.0,Y,0.0,N,none,Item4,SAP SE,SAP,FIRM_0132,parent,enterprise_software,,,True,"Concur Technologies, Inc.",SAP Concur,FIRM_0136,subsidiary,travel_expense_software,SAP,FIRM_0132,True,SAP,SAP,FIRM_0132,parent,enterprise_software,,,True,SAP,SAP,FIRM_0132,parent,enterprise_software,,,True,FIRM_0136,SAP Concur,FIRM_0132,SAP,mutual_target_to_source,True,True,0.0,0.0,0.0,1.0,0.1,0.1
"Amazon.com, Inc.",Amazon,E-commerce / Cloud,"Rivian Automotive, Inc.",Rivian,Automotive / EV,2022,investment_target,mutual,0.7,Y,1.0,N,performance,Item8,"Amazon.com, Inc.",Amazon,FIRM_0009,parent,company,,,True,"Rivian Automotive, Inc.",Rivian,FIRM_0131,parent,automotive,,,True,Amazon,Amazon,FIRM_0009,parent,company,,,True,Rivian,Rivian,FIRM_0131,parent,automotive,,,True,FIRM_0009,Amazon,FIRM_0131,Rivian,mutual_source_to_target,True,True,0.7,0.3333333333333333,0.0,1.0,0.4433333333333333,0.4433333333333333
"Amazon.com, Inc.",Amazon,E-commerce / Cloud,"Rivian Automotive, Inc.",Rivian,Automotive / EV,2022,investment_target,mutual,0.7,Y,1.0,N,performance,Item8,"Amazon.com, Inc.",Amazon,FIRM_0009,parent,company,,,True,"Rivian Automotive, Inc.",Rivian,FIRM_0131,parent,automotive,,,True,Amazon,Amazon,FIRM_0009,parent,company,,,True,Rivian,Rivian,FIRM_0131,parent,automotive,,,True,FIRM_0131,Rivian,FIRM_0009,Amazon,mutual_target_to_source,True,True,0.7,0.3333333333333333,0.0,1.0,0.4433333333333333,0.4433333333333333
"Amazon.com, Inc.",Amazon,E-commerce / Cloud,MGM Holdings Inc.,Amazon,Media / Entertainment,2022,investment_target,downstream,0.0,Y,1.0,N,none,Item8,"Amazon.com, Inc.",Amazon,FIRM_0009,parent,company,,,True,MGM Holdings Inc.,MGM Holdings,FIRM_0086,subsidiary,media,Amazon,FIRM_0009,True,Amazon,Amazon,FIRM_0009,parent,company,,,True,Amazon,Amazon,FIRM_0009,parent,company,,,True,FIRM_0009,Amazon,FIRM_0086,MGM Holdings,source_is_upstream_of_target,True,False,0.0,0.3333333333333333,0.0,1.0,0.2333333333333333,0.2333333333333333
"Amazon.com, Inc.",Amazon,E-commerce / Cloud,"1Life Healthcare, Inc. (One Medical)",Amazon,Healthcare,2022,investment_target,downstream,0.0,Y,1.0,N,none,Item8,"Amazon.com, Inc.",Amazon,FIRM_0009,parent,company,,,True,"1Life Healthcare, Inc. (One Medical)",One Medical,FIRM_0113,subsidiary,healthcare,Amazon,FIRM_0009,True,Amazon,Amazon,FIRM_0009,parent,company,,,True,Amazon,Amazon,FIRM_0009,parent,company,,,True,FIRM_0009,Amazon,FIRM_0113,One Medical,source_is_upstream_of_target,True,False,0.0,0.3333333333333333,0.0,1.0,0.2333333333333333,0.2333333333333333
"Amazon.com, Inc.",Amazon,E-commerce / Cloud,iRobot Corporation,Amazon,Robotics / Consumer Electronics,2022,investment_target,downstream,0.3,Y,1.0,N,governance,Item8,"Amazon.com, Inc.",Amazon,FIRM_0009,parent,company,,,True,iRobot Corporation,iRobot,FIRM_0178,company,robotics_consumer_electronics,,,True,Amazon,Amazon,FIRM_0009,parent,company,,,True,Amazon,Amazon,FIRM_0009,parent,company,,,True,FIRM_0009,Amazon,FIRM_0178,iRobot,source_is_upstream_of_target,True,False,0.3,0.3333333333333333,0.0,1.0,0.3233333333333333,0.3233333333333333
"Amazon.com, Inc.",Amazon,E-commerce / Cloud,Whole Foods Market,Amazon,Retail / Grocery,2022,subsidiary,mutual,0.3,Y,0.5,Y,operational,Item8,"Amazon.com, Inc.",Amazon,FIRM_0009,parent,company,,,True,Whole Foods Market,Whole Foods Market,FIRM_0171,subsidiary,retail,Amazon,FIRM_0009,True,Amazon,Amazon,FIRM_0009,parent,company,,,True,Amazon,Amazon,FIRM_0009,parent,company,,,True,FIRM_0009,Amazon,FIRM_0171,Whole Foods Market,mutual_source_to_target,True,True,0.3,0.1666666666666666,1.0,1.0,0.4566666666666666,0.4566666666666666
"Amazon.com, Inc.",Amazon,E-commerce / Cloud,Whole Foods Market,Amazon,Retail / Grocery,2022,subsidiary,mutual,0.3,Y,0.5,Y,operational,Item8,"Amazon.com, Inc.",Amazon,FIRM_0009,parent,company,,,True,Whole Foods Market,Whole Foods Market,FIRM_0171,subsidiary,retail,Amazon,FIRM_0009,True,Amazon,Amazon,FIRM_0009,parent,company,,,True,Amazon,Amazon,FIRM_0009,parent,company,,,True,FIRM_0171,Whole Foods Market,FIRM_0009,Amazon,mutual_target_to_source,True,True,0.3,0.1666666666666666,1.0,1.0,0.4566666666666666,0.4566666666666666
IBM,IBM,Enterprise IT / Services,BNP Paribas,BNP Paribas,Financial Services,2022,partner,upstream,0.1,N,2.0,N,financial,Item7,IBM,IBM,FIRM_0069,parent,technology_company,,,True,BNP Paribas,BNP Paribas,FIRM_0024,parent,financial_services,,,True,IBM,IBM,FIRM_0069,parent,technology_company,,,True,BNP Paribas,BNP Paribas,FIRM_0024,parent,financial_services,,,True,FIRM_0024,BNP Paribas,FIRM_0069,IBM,target_is_upstream_of_source,True,False,0.1,0.6666666666666666,0.0,0.0,0.2966666666666666,0.2966666666666666
IBM,IBM,Enterprise IT / Services,JPMorgan Chase Bank,JPMorgan Chase,Financial Services,2022,partner,upstream,0.2,N,3.0,N,financial,Item7,IBM,IBM,FIRM_0069,parent,technology_company,,,True,JPMorgan Chase Bank,JPMorgan Chase Bank,FIRM_0076,subsidiary,banking,JPMorgan Chase,FIRM_0075,True,IBM,IBM,FIRM_0069,parent,technology_company,,,True,JPMorgan Chase,JPMorgan Chase,FIRM_0075,parent,financial_services,,,True,FIRM_0076,JPMorgan Chase Bank,FIRM_0069,IBM,target_is_upstream_of_source,True,False,0.2,1.0,0.0,0.0,0.46,0.46
IBM,IBM,Enterprise IT / Services,Kyndryl Holdings,Kyndryl,IT Managed Services,2022,partner,bilateral,0.7,N,2.0,N,financial,Item1A,IBM,IBM,FIRM_0069,parent,technology_company,,,True,Kyndryl Holdings,Kyndryl,FIRM_0079,company,it_services,,,True,IBM,IBM,FIRM_0069,parent,technology_company,,,True,Kyndryl,Kyndryl,FIRM_0079,company,it_services,,,True,FIRM_0069,IBM,FIRM_0079,Kyndryl,bilateral_source_to_target,True,True,0.7,0.6666666666666666,0.0,0.0,0.4766666666666667,0.4766666666666667
IBM,IBM,Enterprise IT / Services,Kyndryl Holdings,Kyndryl,IT Managed Services,2022,partner,bilateral,0.7,N,2.0,N,financial,Item1A,IBM,IBM,FIRM_0069,parent,technology_company,,,True,Kyndryl Holdings,Kyndryl,FIRM_0079,company,it_services,,,True,IBM,IBM,FIRM_0069,parent,technology_company,,,True,Kyndryl,Kyndryl,FIRM_0079,company,it_services,,,True,FIRM_0079,Kyndryl,FIRM_0069,IBM,bilateral_target_to_source,True,True,0.7,0.6666666666666666,0.0,0.0,0.4766666666666667,0.4766666666666667
IBM,IBM,Enterprise IT / Services,Open source community,Apache Software Foundation,Open Source,2022,supplier,upstream,0.6,N,2.0,N,operational,Item1A,IBM,IBM,FIRM_0069,parent,technology_company,,,True,Open source community,Open source community,FIRM_0114,community,open_source,,,True,IBM,IBM,FIRM_0069,parent,technology_company,,,True,Apache Software Foundation,Apache Software Foundation,FIRM_0019,foundation,open_source,,,True,FIRM_0114,Open source community,FIRM_0069,IBM,target_is_upstream_of_source,True,False,0.6,0.6666666666666666,0.0,0.0,0.4466666666666666,0.4466666666666666
IBM,IBM,Enterprise IT / Services,PricewaterhouseCoopers LLP,PricewaterhouseCoopers (PwC),Professional Services / Audit,2022,partner,upstream,0.1,N,2.0,Y,governance,Item8,IBM,IBM,FIRM_0069,parent,technology_company,,,True,PricewaterhouseCoopers LLP,PricewaterhouseCoopers,FIRM_0125,regional_entity,professional_services,,,True,IBM,IBM,FIRM_0069,parent,technology_company,,,True,PricewaterhouseCoopers (PwC),PricewaterhouseCoopers,FIRM_0125,parent,professional_services,,,True,FIRM_0125,PricewaterhouseCoopers,FIRM_0069,IBM,target_is_upstream_of_source,True,False,0.1,0.6666666666666666,1.0,0.0,0.4966666666666666,0.4966666666666666
IBM,IBM,Enterprise IT / Services,Red Hat,IBM,Open Source / Cloud,2022,subsidiary,downstream,0.4,Y,3.0,Y,operational,Item8,IBM,IBM,FIRM_0069,parent,technology_company,,,True,Red Hat,Red Hat,FIRM_0129,subsidiary,open_source_software,IBM,FIRM_0069,True,IBM,IBM,FIRM_0069,parent,technology_company,,,True,IBM,IBM,FIRM_0069,parent,technology_company,,,True,FIRM_0069,IBM,FIRM_0129,Red Hat,source_is_upstream_of_target,True,False,0.4,1.0,1.0,1.0,0.82,0.82
IBM,IBM,Enterprise IT / Services,The Bank of New York Mellon,BNY Mellon,Financial Services,2022,partner,upstream,0.1,N,2.0,N,financial,Item7,IBM,IBM,FIRM_0069,parent,technology_company,,,True,The Bank of New York Mellon,BNY Mellon,FIRM_0025,parent,financial_services,,,True,IBM,IBM,FIRM_0069,parent,technology_company,,,True,BNY Mellon,BNY Mellon,FIRM_0025,parent,financial_services,,,True,FIRM_0025,BNY Mellon,FIRM_0069,IBM,target_is_upstream_of_source,True,False,0.1,0.6666666666666666,0.0,0.0,0.2966666666666666,0.2966666666666666
Oracle,Oracle,Enterprise Software / Database,Cerner Corporation,Oracle,Healthcare IT,2022,subsidiary,downstream,0.6,Y,3.0,Y,operational,Item7,Oracle,Oracle,FIRM_0117,parent,enterprise_software,,,True,Cerner Corporation,Cerner,FIRM_0032,subsidiary,healthcare_it,Oracle,FIRM_0117,True,Oracle,Oracle,FIRM_0117,parent,enterprise_software,,,True,Oracle,Oracle,FIRM_0117,parent,enterprise_software,,,True,FIRM_0117,Oracle,FIRM_0032,Cerner,source_is_upstream_of_target,True,False,0.6,1.0,1.0,1.0,0.88,0.88
Oracle,Oracle,Enterprise Software / Database,Ernst & Young LLP,Ernst & Young (EY),Professional Services / Audit,2022,supplier,upstream,0.1,N,1.0,N,governance,Item8,Oracle,Oracle,FIRM_0117,parent,enterprise_software,,,True,Ernst & Young LLP,Ernst & Young,FIRM_0054,parent,professional_services,,,True,Oracle,Oracle,FIRM_0117,parent,enterprise_software,,,True,Ernst & Young (EY),Ernst & Young,FIRM_0054,parent,professional_services,,,True,FIRM_0054,Ernst & Young,FIRM_0117,Oracle,target_is_upstream_of_source,True,False,0.1,0.3333333333333333,0.0,0.0,0.1633333333333333,0.1633333333333333
Oracle,Oracle,Enterprise Software / Database,Oracle Corporation Japan,Oracle,Enterprise Software / Database,2022,subsidiary,downstream,0.3,Y,1.0,N,governance,Item1A,Oracle,Oracle,FIRM_0117,parent,enterprise_software,,,True,Oracle Corporation Japan,Oracle Japan,FIRM_0119,regional_entity,enterprise_software,Oracle,FIRM_0117,True,Oracle,Oracle,FIRM_0117,parent,enterprise_software,,,True,Oracle,Oracle,FIRM_0117,parent,enterprise_software,,,True,FIRM_0117,Oracle,FIRM_0119,Oracle Japan,source_is_upstream_of_target,True,False,0.3,0.3333333333333333,0.0,1.0,0.3233333333333333,0.3233333333333333
Oracle,Oracle,Enterprise Software / Database,Oracle Financial Services Software Limited,Oracle,Financial Services Software,2022,subsidiary,downstream,0.3,Y,1.0,N,governance,Item1A,Oracle,Oracle,FIRM_0117,parent,enterprise_software,,,True,Oracle Financial Services Software Limited,Oracle Financial Services Software,FIRM_0118,subsidiary,financial_services_software,Oracle,FIRM_0117,True,Oracle,Oracle,FIRM_0117,parent,enterprise_software,,,True,Oracle,Oracle,FIRM_0117,parent,enterprise_software,,,True,FIRM_0117,Oracle,FIRM_0118,Oracle Financial Services Software,source_is_upstream_of_target,True,False,0.3,0.3333333333333333,0.0,1.0,0.3233333333333333,0.3233333333333333
Teradata,Teradata,Data Analytics,Amazon Web Services,Amazon,Cloud / Infrastructure,2022,cloud_provider,upstream,0.6,N,2.5,N,operational,Item1A,Teradata,Teradata,FIRM_0163,parent,data_platform,,,True,Amazon Web Services,Amazon Web Services,FIRM_0012,service,cloud_provider,Amazon,FIRM_0009,True,Teradata,Teradata,FIRM_0163,parent,data_platform,,,True,Amazon,Amazon,FIRM_0009,parent,company,,,True,FIRM_0012,Amazon Web Services,FIRM_0163,Teradata,target_is_upstream_of_source,True,False,0.6,0.8333333333333334,0.0,0.0,0.5133333333333334,0.5133333333333334
Teradata,Teradata,Data Analytics,Dell Technologies,Dell Technologies,Hardware / IT Infrastructure,2022,hardware_vendor,upstream,0.5,N,1.5,N,operational,Item1A,Teradata,Teradata,FIRM_0163,parent,data_platform,,,True,Dell Technologies,Dell Technologies,FIRM_0048,parent,hardware,,,True,Teradata,Teradata,FIRM_0163,parent,data_platform,,,True,Dell Technologies,Dell Technologies,FIRM_0048,parent,hardware,,,True,FIRM_0048,Dell Technologies,FIRM_0163,Teradata,target_is_upstream_of_source,True,False,0.5,0.5,0.0,0.0,0.35,0.35
Teradata,Teradata,Data Analytics,Flex Ltd.,Flex,Electronics Manufacturing (EMS),2022,supplier,upstream,0.85,N,2.5,Y,operational,Item1A,Teradata,Teradata,FIRM_0163,parent,data_platform,,,True,Flex Ltd.,Flex,FIRM_0059,parent,manufacturing,,,True,Teradata,Teradata,FIRM_0163,parent,data_platform,,,True,Flex,Flex,FIRM_0059,parent,manufacturing,,,True,FIRM_0059,Flex,FIRM_0163,Teradata,target_is_upstream_of_source,True,False,0.85,0.8333333333333334,1.0,0.0,0.7883333333333333,0.7883333333333333
Teradata,Teradata,Data Analytics,Flex Ltd.,Flex,Electronics Manufacturing (EMS),2022,supplier,upstream,0.85,N,2.5,Y,operational,Item7,Teradata,Teradata,FIRM_0163,parent,data_platform,,,True,Flex Ltd.,Flex,FIRM_0059,parent,manufacturing,,,True,Teradata,Teradata,FIRM_0163,parent,data_platform,,,True,Flex,Flex,FIRM_0059,parent,manufacturing,,,True,FIRM_0059,Flex,FIRM_0163,Teradata,target_is_upstream_of_source,True,False,0.85,0.8333333333333334,1.0,0.0,0.7883333333333333,0.7883333333333333
Teradata,Teradata,Data Analytics,Google Cloud,Google,Cloud / Infrastructure,2022,cloud_provider,upstream,0.6,N,2.5,N,operational,Item1A,Teradata,Teradata,FIRM_0163,parent,data_platform,,,True,Google Cloud,Google Cloud,FIRM_0062,service,cloud_provider,Google,FIRM_0061,True,Teradata,Teradata,FIRM_0163,parent,data_platform,,,True,Google,Google,FIRM_0061,subsidiary,technology_company,Alphabet,FIRM_0006,True,FIRM_0062,Google Cloud,FIRM_0163,Teradata,target_is_upstream_of_source,True,False,0.6,0.8333333333333334,0.0,0.0,0.5133333333333334,0.5133333333333334
Teradata,Teradata,Data Analytics,JPMorgan Chase,JPMorgan Chase,Financial Services,2022,partner,bilateral,0.1,Y,2.0,N,financial,Item7,Teradata,Teradata,FIRM_0163,parent,data_platform,,,True,JPMorgan Chase,JPMorgan Chase,FIRM_0075,parent,financial_services,,,True,Teradata,Teradata,FIRM_0163,parent,data_platform,,,True,JPMorgan Chase,JPMorgan Chase,FIRM_0075,parent,financial_services,,,True,FIRM_0163,Teradata,FIRM_0075,JPMorgan Chase,bilateral_source_to_target,True,True,0.1,0.6666666666666666,0.0,1.0,0.3966666666666666,0.3966666666666666
Teradata,Teradata,Data Analytics,JPMorgan Chase,JPMorgan Chase,Financial Services,2022,partner,bilateral,0.1,Y,2.0,N,financial,Item7,Teradata,Teradata,FIRM_0163,parent,data_platform,,,True,JPMorgan Chase,JPMorgan Chase,FIRM_0075,parent,financial_services,,,True,Teradata,Teradata,FIRM_0163,parent,data_platform,,,True,JPMorgan Chase,JPMorgan Chase,FIRM_0075,parent,financial_services,,,True,FIRM_0075,JPMorgan Chase,FIRM_0163,Teradata,bilateral_target_to_source,True,True,0.1,0.6666666666666666,0.0,1.0,0.3966666666666666,0.3966666666666666
Teradata,Teradata,Data Analytics,Microsoft Azure,Microsoft,Cloud / Infrastructure,2022,cloud_provider,upstream,0.6,N,2.5,N,operational,Item1A,Teradata,Teradata,FIRM_0163,parent,data_platform,,,True,Microsoft Azure,Microsoft Azure,FIRM_0098,service,cloud_provider,Microsoft,FIRM_0097,True,Teradata,Teradata,FIRM_0163,parent,data_platform,,,True,Microsoft,Microsoft,FIRM_0097,parent,company,,,True,FIRM_0098,Microsoft Azure,FIRM_0163,Teradata,target_is_upstream_of_source,True,False,0.6,0.8333333333333334,0.0,0.0,0.5133333333333334,0.5133333333333334
Teradata,Teradata,Data Analytics,NetApp,NetApp,Storage / Data Management,2022,hardware_vendor,upstream,0.5,N,1.5,N,operational,Item1A,Teradata,Teradata,FIRM_0163,parent,data_platform,,,True,NetApp,NetApp,FIRM_0107,parent,storage,,,True,Teradata,Teradata,FIRM_0163,parent,data_platform,,,True,NetApp,NetApp,FIRM_0107,parent,storage,,,True,FIRM_0107,NetApp,FIRM_0163,Teradata,target_is_upstream_of_source,True,False,0.5,0.5,0.0,0.0,0.35,0.35
Teradata,Teradata,Data Analytics,PricewaterhouseCoopers,PricewaterhouseCoopers (PwC),Professional Services / Audit,2022,partner,upstream,0.1,N,1.0,N,governance,Item8,Teradata,Teradata,FIRM_0163,parent,data_platform,,,True,PricewaterhouseCoopers,PricewaterhouseCoopers,FIRM_0125,parent,professional_services,,,True,Teradata,Teradata,FIRM_0163,parent,data_platform,,,True,PricewaterhouseCoopers (PwC),PricewaterhouseCoopers,FIRM_0125,parent,professional_services,,,True,FIRM_0125,PricewaterhouseCoopers,FIRM_0163,Teradata,target_is_upstream_of_source,True,False,0.1,0.3333333333333333,0.0,0.0,0.1633333333333333,0.1633333333333333
Snowflake,Snowflake,Cloud Data Platform,Amazon Web Services,Amazon,Cloud / Infrastructure,2022,cloud_provider,upstream,0.8,N,3.0,Y,operational,Item1A,Snowflake,Snowflake,FIRM_0155,parent,data_platform,,,True,Amazon Web Services,Amazon Web Services,FIRM_0012,service,cloud_provider,Amazon,FIRM_0009,True,Snowflake,Snowflake,FIRM_0155,parent,data_platform,,,True,Amazon,Amazon,FIRM_0009,parent,company,,,True,FIRM_0012,Amazon Web Services,FIRM_0155,Snowflake,target_is_upstream_of_source,True,False,0.8,1.0,1.0,0.0,0.8400000000000001,0.8400000000000001
Snowflake,Snowflake,Cloud Data Platform,Google Cloud Platform,Google,Cloud / Infrastructure,2022,cloud_provider,upstream,0.6,N,1.5,N,operational,Item1A,Snowflake,Snowflake,FIRM_0155,parent,data_platform,,,True,Google Cloud Platform,Google Cloud,FIRM_0062,service,cloud_provider,Google,FIRM_0061,True,Snowflake,Snowflake,FIRM_0155,parent,data_platform,,,True,Google,Google,FIRM_0061,subsidiary,technology_company,Alphabet,FIRM_0006,True,FIRM_0062,Google Cloud,FIRM_0155,Snowflake,target_is_upstream_of_source,True,False,0.6,0.5,0.0,0.0,0.38,0.38
Snowflake,Snowflake,Cloud Data Platform,Microsoft Azure,Microsoft,Cloud / Infrastructure,2022,cloud_provider,upstream,0.6,N,1.5,N,operational,Item1A,Snowflake,Snowflake,FIRM_0155,parent,data_platform,,,True,Microsoft Azure,Microsoft Azure,FIRM_0098,service,cloud_provider,Microsoft,FIRM_0097,True,Snowflake,Snowflake,FIRM_0155,parent,data_platform,,,True,Microsoft,Microsoft,FIRM_0097,parent,company,,,True,FIRM_0098,Microsoft Azure,FIRM_0155,Snowflake,target_is_upstream_of_source,True,False,0.6,0.5,0.0,0.0,0.38,0.38
Snowflake,Snowflake,Cloud Data Platform,PricewaterhouseCoopers,PricewaterhouseCoopers (PwC),Professional Services / Audit,2022,supplier,upstream,0.0,N,0.5,N,governance,Item8,Snowflake,Snowflake,FIRM_0155,parent,data_platform,,,True,PricewaterhouseCoopers,PricewaterhouseCoopers,FIRM_0125,parent,professional_services,,,True,Snowflake,Snowflake,FIRM_0155,parent,data_platform,,,True,PricewaterhouseCoopers (PwC),PricewaterhouseCoopers,FIRM_0125,parent,professional_services,,,True,FIRM_0125,PricewaterhouseCoopers,FIRM_0155,Snowflake,target_is_upstream_of_source,True,False,0.0,0.1666666666666666,0.0,0.0,0.1,0.1
Snowflake,Snowflake,Cloud Data Platform,Streamlit,Snowflake,Data Visualization / Dev Tools,2022,subsidiary,downstream,0.2,Y,2.0,N,operational,Item7,Snowflake,Snowflake,FIRM_0155,parent,data_platform,,,True,Streamlit,Streamlit,FIRM_0158,subsidiary,app_framework,Snowflake,FIRM_0155,True,Snowflake,Snowflake,FIRM_0155,parent,data_platform,,,True,Snowflake,Snowflake,FIRM_0155,parent,data_platform,,,True,FIRM_0155,Snowflake,FIRM_0158,Streamlit,source_is_upstream_of_target,True,False,0.2,0.6666666666666666,0.0,1.0,0.4266666666666666,0.4266666666666666
MongoDB,MongoDB,Database Software,AWS,Amazon,Cloud / Infrastructure,2022,cloud_provider,upstream,0.85,Y,3.0,Y,operational,Item7,MongoDB,MongoDB,FIRM_0100,parent,database_platform,,,True,AWS,Amazon Web Services,FIRM_0012,service,cloud_provider,Amazon,FIRM_0009,True,MongoDB,MongoDB,FIRM_0100,parent,database_platform,,,True,Amazon,Amazon,FIRM_0009,parent,company,,,True,FIRM_0012,Amazon Web Services,FIRM_0100,MongoDB,target_is_upstream_of_source,True,False,0.85,1.0,1.0,1.0,0.955,0.955
MongoDB,MongoDB,Database Software,Alibaba Cloud,Alibaba,Cloud / Infrastructure,2022,partner,bilateral,0.35,N,1.0,N,operational,Item7,MongoDB,MongoDB,FIRM_0100,parent,database_platform,,,True,Alibaba Cloud,Alibaba Cloud,FIRM_0005,service,cloud_provider,Alibaba,FIRM_0004,True,MongoDB,MongoDB,FIRM_0100,parent,database_platform,,,True,Alibaba,Alibaba,FIRM_0004,parent,company,,,True,FIRM_0100,MongoDB,FIRM_0005,Alibaba Cloud,bilateral_source_to_target,True,True,0.35,0.3333333333333333,0.0,0.0,0.2383333333333333,0.2383333333333333
MongoDB,MongoDB,Database Software,Alibaba Cloud,Alibaba,Cloud / Infrastructure,2022,partner,bilateral,0.35,N,1.0,N,operational,Item7,MongoDB,MongoDB,FIRM_0100,parent,database_platform,,,True,Alibaba Cloud,Alibaba Cloud,FIRM_0005,service,cloud_provider,Alibaba,FIRM_0004,True,MongoDB,MongoDB,FIRM_0100,parent,database_platform,,,True,Alibaba,Alibaba,FIRM_0004,parent,company,,,True,FIRM_0005,Alibaba Cloud,FIRM_0100,MongoDB,bilateral_target_to_source,True,True,0.35,0.3333333333333333,0.0,0.0,0.2383333333333333,0.2383333333333333
MongoDB,MongoDB,Database Software,GCP,Google,Cloud / Infrastructure,2022,cloud_provider,upstream,0.75,Y,2.0,N,operational,Item7,MongoDB,MongoDB,FIRM_0100,parent,database_platform,,,True,GCP,Google Cloud,FIRM_0062,service,cloud_provider,Google,FIRM_0061,True,MongoDB,MongoDB,FIRM_0100,parent,database_platform,,,True,Google,Google,FIRM_0061,subsidiary,technology_company,Alphabet,FIRM_0006,True,FIRM_0062,Google Cloud,FIRM_0100,MongoDB,target_is_upstream_of_source,True,False,0.75,0.6666666666666666,0.0,1.0,0.5916666666666667,0.5916666666666667
MongoDB,MongoDB,Database Software,Microsoft Azure,Microsoft,Cloud / Infrastructure,2022,cloud_provider,upstream,0.75,Y,2.0,N,operational,Item7,MongoDB,MongoDB,FIRM_0100,parent,database_platform,,,True,Microsoft Azure,Microsoft Azure,FIRM_0098,service,cloud_provider,Microsoft,FIRM_0097,True,MongoDB,MongoDB,FIRM_0100,parent,database_platform,,,True,Microsoft,Microsoft,FIRM_0097,parent,company,,,True,FIRM_0098,Microsoft Azure,FIRM_0100,MongoDB,target_is_upstream_of_source,True,False,0.75,0.6666666666666666,0.0,1.0,0.5916666666666667,0.5916666666666667
MongoDB,MongoDB,Database Software,PricewaterhouseCoopers LLP,PricewaterhouseCoopers (PwC),Professional Services / Audit,2022,supplier,upstream,0.15,N,1.0,N,governance,Item8,MongoDB,MongoDB,FIRM_0100,parent,database_platform,,,True,PricewaterhouseCoopers LLP,PricewaterhouseCoopers,FIRM_0125,regional_entity,professional_services,,,True,MongoDB,MongoDB,FIRM_0100,parent,database_platform,,,True,PricewaterhouseCoopers (PwC),PricewaterhouseCoopers,FIRM_0125,parent,professional_services,,,True,FIRM_0125,PricewaterhouseCoopers,FIRM_0100,MongoDB,target_is_upstream_of_source,True,False,0.15,0.3333333333333333,0.0,0.0,0.1783333333333333,0.1783333333333333
MongoDB,MongoDB,Database Software,Tencent Cloud,Tencent,Cloud / Infrastructure,2022,partner,bilateral,0.35,N,1.0,N,operational,Item7,MongoDB,MongoDB,FIRM_0100,parent,database_platform,,,True,Tencent Cloud,Tencent Cloud,FIRM_0162,service,cloud_provider,Tencent,FIRM_0161,True,MongoDB,MongoDB,FIRM_0100,parent,database_platform,,,True,Tencent,Tencent,FIRM_0161,parent,technology_company,,,True,FIRM_0100,MongoDB,FIRM_0162,Tencent Cloud,bilateral_source_to_target,True,True,0.35,0.3333333333333333,0.0,0.0,0.2383333333333333,0.2383333333333333
MongoDB,MongoDB,Database Software,Tencent Cloud,Tencent,Cloud / Infrastructure,2022,partner,bilateral,0.35,N,1.0,N,operational,Item7,MongoDB,MongoDB,FIRM_0100,parent,database_platform,,,True,Tencent Cloud,Tencent Cloud,FIRM_0162,service,cloud_provider,Tencent,FIRM_0161,True,MongoDB,MongoDB,FIRM_0100,parent,database_platform,,,True,Tencent,Tencent,FIRM_0161,parent,technology_company,,,True,FIRM_0162,Tencent Cloud,FIRM_0100,MongoDB,bilateral_target_to_source,True,True,0.35,0.3333333333333333,0.0,0.0,0.2383333333333333,0.2383333333333333
Couchbase,Couchbase,Database Software,Amazon Web Services,Amazon,Cloud / Infrastructure,2022,cloud_provider,upstream,0.85,N,2.0,Y,operational,Item1A,Couchbase,Couchbase,FIRM_0041,parent,database_platform,,,True,Amazon Web Services,Amazon Web Services,FIRM_0012,service,cloud_provider,Amazon,FIRM_0009,True,Couchbase,Couchbase,FIRM_0041,parent,database_platform,,,True,Amazon,Amazon,FIRM_0009,parent,company,,,True,FIRM_0012,Amazon Web Services,FIRM_0041,Couchbase,target_is_upstream_of_source,True,False,0.85,0.6666666666666666,1.0,0.0,0.7216666666666667,0.7216666666666667
Couchbase,Couchbase,Database Software,Hercules Capital,Hercules Capital,Investment / Venture Debt,2022,supplier,upstream,0.2,N,1.0,N,financial,Item8,Couchbase,Couchbase,FIRM_0041,parent,database_platform,,,True,Hercules Capital,Hercules Capital,FIRM_0066,parent,financial_services,,,True,Couchbase,Couchbase,FIRM_0041,parent,database_platform,,,True,Hercules Capital,Hercules Capital,FIRM_0066,parent,financial_services,,,True,FIRM_0066,Hercules Capital,FIRM_0041,Couchbase,target_is_upstream_of_source,True,False,0.2,0.3333333333333333,0.0,0.0,0.1933333333333333,0.1933333333333333
Couchbase,Couchbase,Database Software,PricewaterhouseCoopers,PricewaterhouseCoopers (PwC),Professional Services / Audit,2022,supplier,upstream,0.1,N,1.0,N,governance,Item8,Couchbase,Couchbase,FIRM_0041,parent,database_platform,,,True,PricewaterhouseCoopers,PricewaterhouseCoopers,FIRM_0125,parent,professional_services,,,True,Couchbase,Couchbase,FIRM_0041,parent,database_platform,,,True,PricewaterhouseCoopers (PwC),PricewaterhouseCoopers,FIRM_0125,parent,professional_services,,,True,FIRM_0125,PricewaterhouseCoopers,FIRM_0041,Couchbase,target_is_upstream_of_source,True,False,0.1,0.3333333333333333,0.0,0.0,0.1633333333333333,0.1633333333333333
Couchbase,Couchbase,Database Software,Silicon Valley Bank,First Citizens BancShares,Financial Services,2022,supplier,upstream,0.4,N,1.5,N,financial,Item1A,Couchbase,Couchbase,FIRM_0041,parent,database_platform,,,True,Silicon Valley Bank,Silicon Valley Bank,FIRM_0153,subsidiary,banking,First Citizens BancShares,FIRM_0056,True,Couchbase,Couchbase,FIRM_0041,parent,database_platform,,,True,First Citizens BancShares,First Citizens BancShares,FIRM_0056,parent,financial_services,,,True,FIRM_0153,Silicon Valley Bank,FIRM_0041,Couchbase,target_is_upstream_of_source,True,False,0.4,0.5,0.0,0.0,0.32,0.32
